/*
 * Config/FullCalendar.sql
 * CakePHP Full Calendar Plugin
 *
 * Copyright (c) 2010 Silas Montgomery
 * http://silasmontgomery.com
 *
 * Licensed under MIT
 * http://www.opensource.org/licenses/mit-license.php
 */

SET SQL_MODE="NO_AUTO_VALUE_ON_ZERO";

-- --------------------------------------------------------

--
-- Table structure for table `events`
--

CREATE TABLE IF NOT EXISTS `events` (
  `id` int(11) NOT NULL AUTO_INCREMENT,
  `event_type_id` int(11) NOT NULL,
  `title` varchar(255) COLLATE utf8_unicode_ci NOT NULL,
  `details` text COLLATE utf8_unicode_ci NOT NULL,
  `start` datetime NOT NULL,
  `end` datetime NOT NULL,
  `all_day` tinyint(1) NOT NULL DEFAULT '1',
  `status` varchar(20) COLLATE utf8_unicode_ci NOT NULL DEFAULT 'Scheduled',
  `active` tinyint(1) NOT NULL DEFAULT '1',
  `created` date DEFAULT NULL,
  `modified` date DEFAULT NULL,
  PRIMARY KEY (`id`)
) ENGINE=MyISAM DEFAULT CHARSET=utf8 COLLATE=utf8_unicode_ci AUTO_INCREMENT=1 ;


-- --------------------------------------------------------

--
-- Table structure for table `event_types`
--

CREATE TABLE IF NOT EXISTS `event_types` (
  `id` int(11) NOT NULL AUTO_INCREMENT,
  `name` varchar(20) COLLATE utf8_unicode_ci NOT NULL,
  `color` varchar(255) COLLATE utf8_unicode_ci NOT NULL,
  PRIMARY KEY (`id`)
) ENGINE=MyISAM DEFAULT CHARSET=utf8 COLLATE=utf8_unicode_ci AUTO_INCREMENT=1 ;
CREATE TABLE IF NOT EXISTS `login_tokens` (
  `id` int(11) NOT NULL AUTO_INCREMENT,
  `user_id` int(11) NOT NULL,
  `token` char(32) NOT NULL,
  `duration` varchar(32) NOT NULL,
  `used` tinyint(1) NOT NULL DEFAULT '0',
  `created` datetime NOT NULL,
  `expires` datetime NOT NULL,
  PRIMARY KEY (`id`)
) ENGINE=MyISAM DEFAULT CHARSET=utf8 AUTO_INCREMENT=1 ;


CREATE TABLE IF NOT EXISTS `users` (
  `id` int(11) NOT NULL AUTO_INCREMENT,
  `user_group_id` int(11) unsigned DEFAULT NULL,
  `username` varchar(100) DEFAULT NULL,
  `password` varchar(255) DEFAULT NULL,
  `email` varchar(100) DEFAULT NULL,
  `name` varchar(100) DEFAULT NULL,
  `active` varchar(3) DEFAULT '0',
  `created` datetime DEFAULT NULL,
  `modified` datetime DEFAULT NULL,
  PRIMARY KEY (`id`),
  KEY `user` (`username`),
  KEY `mail` (`email`),
  KEY `users_FKIndex1` (`user_group_id`)
) ENGINE=InnoDB  DEFAULT CHARSET=latin1 AUTO_INCREMENT=2 ;


INSERT INTO `users` (`id`, `user_group_id`, `username`, `password`, `email`, `name`, `active`, `created`, `modified`) VALUES
(1, 1, 'admin', 'e10adc3949ba59abbe56e057f20f883e', 'admin@admin.com', 'Admin', '1', now(), now());


CREATE TABLE IF NOT EXISTS `user_groups` (
  `id` int(11) NOT NULL AUTO_INCREMENT,
  `name` varchar(100) DEFAULT NULL,
  `alias_name` varchar(100) DEFAULT NULL,
  `allowRegistration` int(1) NOT NULL DEFAULT '1',
  `created` datetime DEFAULT NULL,
  `modified` datetime DEFAULT NULL,
  PRIMARY KEY (`id`)
) ENGINE=InnoDB  DEFAULT CHARSET=latin1 AUTO_INCREMENT=4 ;

INSERT INTO `user_groups` (`id`, `name`, `alias_name`, `allowRegistration`, `created`, `modified`) VALUES
(1, 'Admin', 'Admin', 0, now(), now()),
(2, 'User', 'User', 1, now(), now()),
(3, 'Guest', 'Guest', 0, now(), now());

CREATE TABLE IF NOT EXISTS `user_group_permissions` (
  `id` int(10) unsigned NOT NULL AUTO_INCREMENT,
  `user_group_id` int(10) unsigned NOT NULL,
  `controller` varchar(50) CHARACTER SET latin1 COLLATE latin1_general_ci NOT NULL,
  `action` varchar(100) CHARACTER SET latin1 COLLATE latin1_general_ci NOT NULL,
  `allowed` tinyint(1) unsigned NOT NULL DEFAULT '1',
  PRIMARY KEY (`id`)
) ENGINE=InnoDB  DEFAULT CHARSET=latin1 AUTO_INCREMENT=70 ;

INSERT INTO `user_group_permissions` (`id`, `user_group_id`, `controller`, `action`, `allowed`) VALUES
(1, 1, 'Pages', 'display', 1),
(2, 2, 'Pages', 'display', 1),
(3, 3, 'Pages', 'display', 1),
(4, 1, 'UserGroupPermissions', 'index', 1),
(5, 2, 'UserGroupPermissions', 'index', 0),
(6, 3, 'UserGroupPermissions', 'index', 0),
(7, 1, 'UserGroupPermissions', 'update', 1),
(8, 2, 'UserGroupPermissions', 'update', 0),
(9, 3, 'UserGroupPermissions', 'update', 0),
(10, 1, 'UserGroups', 'index', 1),
(11, 2, 'UserGroups', 'index', 0),
(12, 3, 'UserGroups', 'index', 0),
(13, 1, 'UserGroups', 'addGroup', 1),
(14, 2, 'UserGroups', 'addGroup', 0),
(15, 3, 'UserGroups', 'addGroup', 0),
(16, 1, 'UserGroups', 'editGroup', 1),
(17, 2, 'UserGroups', 'editGroup', 0),
(18, 3, 'UserGroups', 'editGroup', 0),
(19, 1, 'UserGroups', 'deleteGroup', 1),
(20, 2, 'UserGroups', 'deleteGroup', 0),
(21, 3, 'UserGroups', 'deleteGroup', 0),
(22, 1, 'Users', 'index', 1),
(23, 2, 'Users', 'index', 0),
(24, 3, 'Users', 'index', 0),
(25, 1, 'Users', 'viewUser', 1),
(26, 2, 'Users', 'viewUser', 0),
(27, 3, 'Users', 'viewUser', 0),
(28, 1, 'Users', 'myprofile', 1),
(29, 2, 'Users', 'myprofile', 1),
(30, 3, 'Users', 'myprofile', 0),
(31, 1, 'Users', 'login', 1),
(32, 2, 'Users', 'login', 1),
(33, 3, 'Users', 'login', 1),
(34, 1, 'Users', 'logout', 1),
(35, 2, 'Users', 'logout', 1),
(36, 3, 'Users', 'logout', 1),
(37, 1, 'Users', 'register', 1),
(38, 2, 'Users', 'register', 1),
(39, 3, 'Users', 'register', 1),
(40, 1, 'Users', 'changePassword', 1),
(41, 2, 'Users', 'changePassword', 1),
(42, 3, 'Users', 'changePassword', 0),
(43, 1, 'Users', 'changeUserPassword', 1),
(44, 2, 'Users', 'changeUserPassword', 0),
(45, 3, 'Users', 'changeUserPassword', 0),
(46, 1, 'Users', 'addUser', 1),
(47, 2, 'Users', 'addUser', 0),
(48, 3, 'Users', 'addUser', 0),
(49, 1, 'Users', 'editUser', 1),
(50, 2, 'Users', 'editUser', 0),
(51, 3, 'Users', 'editUser', 0),
(52, 1, 'Users', 'dashboard', 1),
(53, 2, 'Users', 'dashboard', 1),
(54, 3, 'Users', 'dashboard', 0),
(55, 1, 'Users', 'deleteUser', 1),
(56, 2, 'Users', 'deleteUser', 0),
(57, 3, 'Users', 'deleteUser', 0),
(58, 1, 'Users', 'makeActive', 1),
(59, 2, 'Users', 'makeActive', 0),
(60, 3, 'Users', 'makeActive', 0),
(61, 1, 'Users', 'accessDenied', 1),
(62, 2, 'Users', 'accessDenied', 1),
(63, 3, 'Users', 'accessDenied', 1),
(64, 1, 'Users', 'userVerification', 1),
(65, 2, 'Users', 'userVerification', 1),
(66, 3, 'Users', 'userVerification', 1),
(67, 1, 'Users', 'forgotPassword', 1),
(68, 2, 'Users', 'forgotPassword', 1),
(69, 3, 'Users', 'forgotPassword', 1);
CREATE TABLE IF NOT EXISTS `contact_notes` (
  	`id` int(11) unsigned NOT NULL auto_increment,
	`contact_id` INT NOT NULL,
	`name` varchar(100) NOT NULL,
	`description` TEXT NOT NULL,
	`time` DATETIME NOT NULL,
	`created` DATETIME NOT NULL,
        `updated` DATETIME NOT NULL, 
        PRIMARY KEY  (`id`)
);
CREATE TABLE IF NOT EXISTS `contact_statuses` (
  	`id` int(11) unsigned NOT NULL auto_increment,
	`name` varchar(100) NOT NULL,
	`created` DATETIME NOT NULL,
        `updated` DATETIME NOT NULL, 
        PRIMARY KEY  (`id`)
);
CREATE TABLE IF NOT EXISTS `contacts` (
  	`id` int(11) unsigned NOT NULL auto_increment,
	`name` varchar(100) NOT NULL,
	`company_name` varchar(100) NOT NULL,
	`contact_status_id` INT NOT NULL,
	`address1` varchar(100) NOT NULL,
	`address2` varchar(100) NOT NULL,
	`city` varchar(100) NOT NULL,
	`state` varchar(100) NOT NULL,
	`phone` varchar(100) NOT NULL,
	`email` varchar(100) NOT NULL,
	`user_id` INT NOT NULL,
	`created` DATETIME NOT NULL,
        `updated` DATETIME NOT NULL, 
        PRIMARY KEY  (`id`)
);
CREATE TABLE IF NOT EXISTS `contacts_tags` (
  	`id` int(11) unsigned NOT NULL auto_increment,
	`contact_id` INT NOT NULL,
	`tag_id` INT NOT NULL,
	`created` DATETIME NOT NULL,
        `updated` DATETIME NOT NULL, 
        PRIMARY KEY  (`id`)
);
CREATE TABLE IF NOT EXISTS `deal_notes` (
  	`id` int(11) unsigned NOT NULL auto_increment,
	`deal_id` INT NOT NULL,
	`name` varchar(100) NOT NULL,
	`description` TEXT NOT NULL,
	`time` DATETIME NOT NULL,
	`created` DATETIME NOT NULL,
        `updated` DATETIME NOT NULL, 
        PRIMARY KEY  (`id`)
);
CREATE TABLE IF NOT EXISTS `deal_statuses` (
  	`id` int(11) unsigned NOT NULL auto_increment,
	`name` varchar(100) NOT NULL,
	`created` DATETIME NOT NULL,
        `updated` DATETIME NOT NULL, 
        PRIMARY KEY  (`id`)
);
CREATE TABLE IF NOT EXISTS `deals` (
  	`id` int(11) unsigned NOT NULL auto_increment,
	`name` varchar(100) NOT NULL,
	`time` DATETIME NOT NULL,
	`contact_id` INT NOT NULL,
	`user_id` INT NOT NULL,
	`deal_status_id` INT NOT NULL,
	`description` TEXT NOT NULL,
	`created` DATETIME NOT NULL,
        `updated` DATETIME NOT NULL, 
        PRIMARY KEY  (`id`)
);
CREATE TABLE IF NOT EXISTS `deals_tags` (
  	`id` int(11) unsigned NOT NULL auto_increment,
	`deal_id` INT NOT NULL,
	`tag_id` INT NOT NULL,
	`created` DATETIME NOT NULL,
        `updated` DATETIME NOT NULL, 
        PRIMARY KEY  (`id`)
);
CREATE TABLE IF NOT EXISTS `events_tags` (
  	`id` int(11) unsigned NOT NULL auto_increment,
	`event_id` INT NOT NULL,
	`tag_id` INT NOT NULL,
	`created` DATETIME NOT NULL,
        `updated` DATETIME NOT NULL, 
        PRIMARY KEY  (`id`)
);
CREATE TABLE IF NOT EXISTS `events_users` (
  	`id` int(11) unsigned NOT NULL auto_increment,
	`event_id` INT NOT NULL,
	`user_id` INT NOT NULL,
	`created` DATETIME NOT NULL,
        `updated` DATETIME NOT NULL, 
        PRIMARY KEY  (`id`)
);
CREATE TABLE IF NOT EXISTS `tags` (
  	`id` int(11) unsigned NOT NULL auto_increment,
	`name` varchar(100) NOT NULL,
	`created` DATETIME NOT NULL,
        `updated` DATETIME NOT NULL, 
        PRIMARY KEY  (`id`)
);
CREATE TABLE IF NOT EXISTS `task_notes` (
  	`id` int(11) unsigned NOT NULL auto_increment,
	`event_id` INT NOT NULL,
	`name` varchar(100) NOT NULL,
	`description` TEXT NOT NULL,
	`time` DATETIME NOT NULL,
	`created` DATETIME NOT NULL,
        `updated` DATETIME NOT NULL, 
        PRIMARY KEY  (`id`)
);
INSERT INTO `contact_statuses` (`id`, `name`, `created`, `updated`) VALUES
(1, 'Lead', '2012-04-03 18:04:11', '2012-04-03 18:04:11'),
(2, 'Opportunity', '2012-04-03 18:04:24', '2012-04-03 18:04:24');

INSERT INTO `deal_statuses` (`id`, `name`, `created`, `updated`) VALUES
(1, 'Pending', '2012-04-03 18:06:33', '2012-04-03 18:06:33'),
(2, 'Won', '2012-04-03 18:06:36', '2012-04-03 18:06:36'),
(3, 'Lost', '2012-04-03 18:06:40', '2012-04-03 18:06:40');

TRUNCATE TABLE `user_group_permissions`;

INSERT INTO `user_group_permissions` (`id`, `user_group_id`, `controller`, `action`, `allowed`) VALUES
(1, 1, 'Pages', 'display', 1),
(2, 2, 'Pages', 'display', 1),
(3, 3, 'Pages', 'display', 1),
(4, 1, 'UserGroupPermissions', 'index', 1),
(5, 2, 'UserGroupPermissions', 'index', 0),
(6, 3, 'UserGroupPermissions', 'index', 0),
(7, 1, 'UserGroupPermissions', 'update', 1),
(8, 2, 'UserGroupPermissions', 'update', 0),
(9, 3, 'UserGroupPermissions', 'update', 0),
(10, 1, 'UserGroups', 'index', 1),
(11, 2, 'UserGroups', 'index', 0),
(12, 3, 'UserGroups', 'index', 0),
(13, 1, 'UserGroups', 'addGroup', 1),
(14, 2, 'UserGroups', 'addGroup', 0),
(15, 3, 'UserGroups', 'addGroup', 0),
(16, 1, 'UserGroups', 'editGroup', 1),
(17, 2, 'UserGroups', 'editGroup', 0),
(18, 3, 'UserGroups', 'editGroup', 0),
(19, 1, 'UserGroups', 'deleteGroup', 1),
(20, 2, 'UserGroups', 'deleteGroup', 0),
(21, 3, 'UserGroups', 'deleteGroup', 0),
(22, 1, 'Users', 'index', 1),
(23, 2, 'Users', 'index', 0),
(24, 3, 'Users', 'index', 0),
(25, 1, 'Users', 'viewUser', 1),
(26, 2, 'Users', 'viewUser', 0),
(27, 3, 'Users', 'viewUser', 0),
(28, 1, 'Users', 'myprofile', 1),
(29, 2, 'Users', 'myprofile', 1),
(30, 3, 'Users', 'myprofile', 0),
(31, 1, 'Users', 'login', 1),
(32, 2, 'Users', 'login', 1),
(33, 3, 'Users', 'login', 1),
(34, 1, 'Users', 'logout', 1),
(35, 2, 'Users', 'logout', 1),
(36, 3, 'Users', 'logout', 1),
(37, 1, 'Users', 'register', 1),
(38, 2, 'Users', 'register', 1),
(39, 3, 'Users', 'register', 1),
(40, 1, 'Users', 'changePassword', 1),
(41, 2, 'Users', 'changePassword', 1),
(42, 3, 'Users', 'changePassword', 0),
(43, 1, 'Users', 'changeUserPassword', 1),
(44, 2, 'Users', 'changeUserPassword', 0),
(45, 3, 'Users', 'changeUserPassword', 0),
(46, 1, 'Users', 'addUser', 1),
(47, 2, 'Users', 'addUser', 0),
(48, 3, 'Users', 'addUser', 0),
(49, 1, 'Users', 'editUser', 1),
(50, 2, 'Users', 'editUser', 0),
(51, 3, 'Users', 'editUser', 0),
(52, 1, 'Users', 'dashboard', 1),
(53, 2, 'Users', 'dashboard', 1),
(54, 3, 'Users', 'dashboard', 0),
(55, 1, 'Users', 'deleteUser', 1),
(56, 2, 'Users', 'deleteUser', 0),
(57, 3, 'Users', 'deleteUser', 0),
(58, 1, 'Users', 'makeActive', 1),
(59, 2, 'Users', 'makeActive', 0),
(60, 3, 'Users', 'makeActive', 0),
(61, 1, 'Users', 'accessDenied', 1),
(62, 2, 'Users', 'accessDenied', 1),
(63, 3, 'Users', 'accessDenied', 1),
(64, 1, 'Users', 'userVerification', 1),
(65, 2, 'Users', 'userVerification', 1),
(66, 3, 'Users', 'userVerification', 1),
(67, 1, 'Users', 'forgotPassword', 1),
(68, 2, 'Users', 'forgotPassword', 1),
(69, 3, 'Users', 'forgotPassword', 1),
(70, 1, 'ContactNotes', 'index', 1),
(71, 2, 'ContactNotes', 'index', 1),
(72, 3, 'ContactNotes', 'index', 0),
(73, 1, 'ContactNotes', 'view', 1),
(74, 2, 'ContactNotes', 'view', 1),
(75, 3, 'ContactNotes', 'view', 0),
(76, 1, 'ContactNotes', 'add', 1),
(77, 2, 'ContactNotes', 'add', 1),
(78, 3, 'ContactNotes', 'add', 0),
(79, 1, 'ContactNotes', 'edit', 1),
(80, 2, 'ContactNotes', 'edit', 1),
(81, 3, 'ContactNotes', 'edit', 0),
(82, 1, 'ContactNotes', 'delete', 1),
(83, 2, 'ContactNotes', 'delete', 1),
(84, 3, 'ContactNotes', 'delete', 0),
(85, 1, 'ContactStatuses', 'index', 1),
(86, 2, 'ContactStatuses', 'index', 1),
(87, 3, 'ContactStatuses', 'index', 0),
(88, 1, 'ContactStatuses', 'view', 1),
(89, 2, 'ContactStatuses', 'view', 1),
(90, 3, 'ContactStatuses', 'view', 0),
(91, 1, 'ContactStatuses', 'add', 1),
(92, 2, 'ContactStatuses', 'add', 1),
(93, 3, 'ContactStatuses', 'add', 0),
(94, 1, 'ContactStatuses', 'edit', 1),
(95, 2, 'ContactStatuses', 'edit', 1),
(96, 3, 'ContactStatuses', 'edit', 0),
(97, 1, 'ContactStatuses', 'delete', 1),
(98, 2, 'ContactStatuses', 'delete', 1),
(99, 3, 'ContactStatuses', 'delete', 0),
(100, 1, 'Contacts', 'index', 1),
(101, 2, 'Contacts', 'index', 1),
(102, 3, 'Contacts', 'index', 0),
(103, 1, 'Contacts', 'view', 1),
(104, 2, 'Contacts', 'view', 1),
(105, 3, 'Contacts', 'view', 0),
(106, 1, 'Contacts', 'add', 1),
(107, 2, 'Contacts', 'add', 1),
(108, 3, 'Contacts', 'add', 0),
(109, 1, 'Contacts', 'edit', 1),
(110, 2, 'Contacts', 'edit', 1),
(111, 3, 'Contacts', 'edit', 0),
(112, 1, 'Contacts', 'delete', 1),
(113, 2, 'Contacts', 'delete', 1),
(114, 3, 'Contacts', 'delete', 0),
(115, 1, 'ContactsTags', 'index', 1),
(116, 2, 'ContactsTags', 'index', 1),
(117, 3, 'ContactsTags', 'index', 0),
(118, 1, 'ContactsTags', 'view', 1),
(119, 2, 'ContactsTags', 'view', 1),
(120, 3, 'ContactsTags', 'view', 0),
(121, 1, 'ContactsTags', 'add', 1),
(122, 2, 'ContactsTags', 'add', 1),
(123, 3, 'ContactsTags', 'add', 0),
(124, 1, 'ContactsTags', 'edit', 1),
(125, 2, 'ContactsTags', 'edit', 1),
(126, 3, 'ContactsTags', 'edit', 0),
(127, 1, 'ContactsTags', 'delete', 1),
(128, 2, 'ContactsTags', 'delete', 1),
(129, 3, 'ContactsTags', 'delete', 0),
(130, 1, 'DealNotes', 'index', 1),
(131, 2, 'DealNotes', 'index', 1),
(132, 3, 'DealNotes', 'index', 0),
(133, 1, 'DealNotes', 'view', 1),
(134, 2, 'DealNotes', 'view', 1),
(135, 3, 'DealNotes', 'view', 0),
(136, 1, 'DealNotes', 'edit', 1),
(137, 2, 'DealNotes', 'edit', 1),
(138, 3, 'DealNotes', 'edit', 0),
(139, 1, 'DealNotes', 'add', 1),
(140, 2, 'DealNotes', 'add', 1),
(141, 3, 'DealNotes', 'add', 0),
(142, 1, 'DealNotes', 'delete', 1),
(143, 2, 'DealNotes', 'delete', 1),
(144, 3, 'DealNotes', 'delete', 0),
(145, 1, 'DealStatuses', 'index', 1),
(146, 2, 'DealStatuses', 'index', 1),
(147, 3, 'DealStatuses', 'index', 0),
(148, 1, 'DealStatuses', 'view', 1),
(149, 2, 'DealStatuses', 'view', 1),
(150, 3, 'DealStatuses', 'view', 0),
(151, 1, 'DealStatuses', 'add', 1),
(152, 2, 'DealStatuses', 'add', 1),
(153, 3, 'DealStatuses', 'add', 0),
(154, 1, 'DealStatuses', 'edit', 1),
(155, 2, 'DealStatuses', 'edit', 1),
(156, 3, 'DealStatuses', 'edit', 0),
(157, 1, 'DealStatuses', 'delete', 1),
(158, 2, 'DealStatuses', 'delete', 1),
(159, 3, 'DealStatuses', 'delete', 0),
(160, 1, 'Deals', 'index', 1),
(161, 2, 'Deals', 'index', 1),
(162, 3, 'Deals', 'index', 0),
(163, 1, 'Deals', 'view', 1),
(164, 2, 'Deals', 'view', 1),
(165, 3, 'Deals', 'view', 0),
(166, 1, 'Deals', 'add', 1),
(167, 2, 'Deals', 'add', 1),
(168, 3, 'Deals', 'add', 0),
(169, 1, 'Deals', 'edit', 1),
(170, 2, 'Deals', 'edit', 1),
(171, 3, 'Deals', 'edit', 0),
(172, 1, 'Deals', 'delete', 1),
(173, 2, 'Deals', 'delete', 1),
(174, 3, 'Deals', 'delete', 0),
(175, 1, 'DealsTags', 'index', 1),
(176, 2, 'DealsTags', 'index', 1),
(177, 3, 'DealsTags', 'index', 0),
(178, 1, 'DealsTags', 'view', 1),
(179, 2, 'DealsTags', 'view', 1),
(180, 3, 'DealsTags', 'view', 0),
(181, 1, 'DealsTags', 'add', 1),
(182, 2, 'DealsTags', 'add', 1),
(183, 3, 'DealsTags', 'add', 0),
(184, 1, 'DealsTags', 'edit', 1),
(185, 2, 'DealsTags', 'edit', 1),
(186, 3, 'DealsTags', 'edit', 0),
(187, 1, 'DealsTags', 'delete', 1),
(188, 2, 'DealsTags', 'delete', 1),
(189, 3, 'DealsTags', 'delete', 0),
(190, 1, 'EventTypes', 'index', 1),
(191, 2, 'EventTypes', 'index', 1),
(192, 3, 'EventTypes', 'index', 0),
(193, 1, 'EventTypes', 'view', 1),
(194, 2, 'EventTypes', 'view', 1),
(195, 3, 'EventTypes', 'view', 0),
(196, 1, 'EventTypes', 'add', 1),
(197, 2, 'EventTypes', 'add', 1),
(198, 3, 'EventTypes', 'add', 0),
(199, 1, 'EventTypes', 'edit', 1),
(200, 2, 'EventTypes', 'edit', 1),
(201, 3, 'EventTypes', 'edit', 0),
(202, 1, 'EventTypes', 'delete', 1),
(203, 2, 'EventTypes', 'delete', 1),
(204, 3, 'EventTypes', 'delete', 0),
(205, 1, 'Events', 'index', 1),
(206, 2, 'Events', 'index', 1),
(207, 3, 'Events', 'index', 0),
(208, 1, 'Events', 'view', 1),
(209, 2, 'Events', 'view', 1),
(210, 3, 'Events', 'view', 0),
(211, 1, 'Events', 'add', 1),
(212, 2, 'Events', 'add', 1),
(213, 3, 'Events', 'add', 0),
(214, 1, 'Events', 'edit', 1),
(215, 2, 'Events', 'edit', 1),
(216, 3, 'Events', 'edit', 0),
(217, 1, 'Events', 'delete', 1),
(218, 2, 'Events', 'delete', 1),
(219, 3, 'Events', 'delete', 0),
(220, 1, 'EventsTags', 'index', 1),
(221, 2, 'EventsTags', 'index', 1),
(222, 3, 'EventsTags', 'index', 0),
(223, 1, 'EventsTags', 'view', 1),
(224, 2, 'EventsTags', 'view', 1),
(225, 3, 'EventsTags', 'view', 0),
(226, 1, 'EventsTags', 'add', 1),
(227, 2, 'EventsTags', 'add', 1),
(228, 3, 'EventsTags', 'add', 0),
(229, 1, 'EventsTags', 'edit', 1),
(230, 2, 'EventsTags', 'edit', 1),
(231, 3, 'EventsTags', 'edit', 0),
(232, 1, 'EventsTags', 'delete', 1),
(233, 2, 'EventsTags', 'delete', 1),
(234, 3, 'EventsTags', 'delete', 0),
(235, 1, 'EventsUsers', 'view', 1),
(236, 2, 'EventsUsers', 'view', 1),
(237, 3, 'EventsUsers', 'view', 0),
(238, 1, 'EventsUsers', 'index', 1),
(239, 2, 'EventsUsers', 'index', 1),
(240, 3, 'EventsUsers', 'index', 0),
(241, 1, 'EventsUsers', 'add', 1),
(242, 2, 'EventsUsers', 'add', 1),
(243, 3, 'EventsUsers', 'add', 0),
(244, 1, 'EventsUsers', 'edit', 1),
(245, 2, 'EventsUsers', 'edit', 1),
(246, 3, 'EventsUsers', 'edit', 0),
(247, 1, 'EventsUsers', 'delete', 1),
(248, 2, 'EventsUsers', 'delete', 1),
(249, 3, 'EventsUsers', 'delete', 0),
(250, 1, 'Tags', 'index', 1),
(251, 2, 'Tags', 'index', 1),
(252, 3, 'Tags', 'index', 0),
(253, 1, 'Tags', 'view', 1),
(254, 2, 'Tags', 'view', 1),
(255, 3, 'Tags', 'view', 0),
(256, 1, 'Tags', 'add', 1),
(257, 2, 'Tags', 'add', 1),
(258, 3, 'Tags', 'add', 0),
(259, 1, 'Tags', 'edit', 1),
(260, 2, 'Tags', 'edit', 1),
(261, 3, 'Tags', 'edit', 0),
(262, 1, 'Tags', 'delete', 1),
(263, 2, 'Tags', 'delete', 1),
(264, 3, 'Tags', 'delete', 0),
(265, 1, 'TaskNotes', 'index', 1),
(266, 2, 'TaskNotes', 'index', 1),
(267, 3, 'TaskNotes', 'index', 0),
(268, 1, 'TaskNotes', 'view', 1),
(269, 2, 'TaskNotes', 'view', 1),
(270, 3, 'TaskNotes', 'view', 0),
(271, 1, 'TaskNotes', 'add', 1),
(272, 2, 'TaskNotes', 'add', 1),
(273, 3, 'TaskNotes', 'add', 0),
(274, 1, 'TaskNotes', 'edit', 1),
(275, 2, 'TaskNotes', 'edit', 1),
(276, 3, 'TaskNotes', 'edit', 0),
(277, 1, 'TaskNotes', 'delete', 1),
(278, 2, 'TaskNotes', 'delete', 1),
(279, 3, 'TaskNotes', 'delete', 0),
(280, 1, 'FullCalendar', 'index', 1),
(281, 2, 'FullCalendar', 'index', 1),
(282, 3, 'FullCalendar', 'index', 0);

